Tool / Resource,Category,Software / Resource link,Purpose
ResFinder,Antimicrobial resistance,https://bitbucket.org/genomicepidemiology/resfinder,DTU AMR gene detection with phenotype prediction (ResFinder4).
RGI / CARD,Antimicrobial resistance,https://github.com/arpcard/rgi,Resistance Gene Identifier searches CARD's curated AMR ontology and homologs.
deepARG,Antimicrobial resistance,https://github.com/gaarangoa/deeparg,Deep-learning ARG classifier for divergent resistance genes.
AMR++,Antimicrobial resistance,https://github.com/Microbial-Ecology-Group/AMRplusplus,Pipeline for profiling antimicrobial resistance genes in metagenomic sequencing data.
AMRFinderPlus,Antimicrobial resistance,https://github.com/ncbi/amr,NCBI-maintained AMR + virulence gene detection from genomes and proteins.
hAMRonization,Antimicrobial resistance,https://github.com/pha4ge/hAMRonization,Harmonises outputs from multiple AMR detection tools into a common schema.
Staramr,Antimicrobial resistance,https://github.com/phac-nml/staramr,"Scans bacterial genomes for AMR genes, point mutations and plasmid replicons."
ABRicate,Antimicrobial resistance,https://github.com/tseemann/abricate,"Mass screening of contigs against multiple AMR DBs (CARD, ResFinder, NCBI, etc.)."
ARGs-OAP,Antimicrobial resistance,https://github.com/xinehc/args_oap,Online and offline ARG profiling from metagenomic reads.
ARIBA,Antimicrobial resistance,https://github.com/sanger-pathogens/ariba,Antimicrobial Resistance Identification By Assembly
MetaQUAST,Assembly,https://github.com/ablab/quast,Quality assessment of metagenomic assemblies.
metaSPAdes,Assembly,https://github.com/ablab/spades,SPAdes mode for metagenomic assembly with repeat resolution and bubble handling.
OPERA-MS,Assembly,https://github.com/CSB5/OPERA-MS,Hybrid metagenomic assembler for short and long reads.
metaFlye,Assembly,https://github.com/fenderglass/Flye,Flye assembler in metagenomic mode for long-read (ONT/PacBio) data.
metaMDBG,Assembly,https://github.com/GaetanBenoitDev/metaMDBG,Long-read metagenome assembler using minimizer de Bruijn graphs.
IDBA-UD,Assembly,https://github.com/loneknightpy/idba,Iterative de Bruijn assembler for metagenomic data with uneven depth.
PenguiN,Assembly,https://github.com/soedinglab/plass,Protein-guided nucleotide assembler emphasising recovery of coding regions and viral sequences.
MEGAHIT,Assembly,https://github.com/voutcn/megahit,Memory-efficient de Bruijn graph assembler for large metagenomes.
hifiasm-meta,Assembly,https://github.com/xfengnefx/hifiasm-meta,HiFi-specific haplotype-resolved metagenomic assembler.
PLSDAbatch,Batch correction,https://bioconductor.org/packages/PLSDAbatch,Multivariate PLS-DA based framework for batch-effect correction in microbiome data.
ConQuR,Batch correction,https://github.com/wdl2459/ConQuR,Batch correction
CAMISIM,Benchmarking / simulation,https://github.com/CAMI-challenge/CAMISIM,Simulation framework for metagenomic benchmarking with realistic communities.
InSilicoSeq,Benchmarking / simulation,https://github.com/HadrienG/InSilicoSeq,Illumina metagenomic read simulator with empirical error models.
AMPSphere,BGCs / natural products / AMPs,https://ampsphere.big-data-biology.org/,Atlas of antimicrobial peptides from global metagenomes.
ARTS,BGCs / natural products / AMPs,https://arts.ziemertlab.com/,Antibiotic Resistant Target Seeker finds resistance-linked BGCs.
BGC Atlas,BGCs / natural products / AMPs,https://bgc-atlas.cs.uni-duesseldorf.de/,Atlas of BGCs from MAGs across diverse environments.
antiSMASH,BGCs / natural products / AMPs,https://github.com/antismash/antismash,Gold-standard rule-based BGC identification and annotation.
BiG-SLiCE,BGCs / natural products / AMPs,https://github.com/medema-group/bigslice,Clustering of millions of BGCs into Gene Cluster Families (GCFs) at scale.
deepBGC,BGCs / natural products / AMPs,https://github.com/Merck/deepbgc,Deep-learning BGC prediction via Pfam embeddings and LSTM classifier.
GECCO,BGCs / natural products / AMPs,https://github.com/zellerlab/GECCO,Gene Cluster Prediction with Conditional Random Fields.
MetaBAT2,Binning,https://bitbucket.org/berkeleylab/metabat,Tetranucleotide-frequency + coverage clustering for MAG recovery.
magpurify2,Binning,https://github.com/apcamargo/magpurify2,Decontamination / purification of MAGs using multi-feature anomaly detection.
SemiBin2,Binning,https://github.com/BigDataBiology/SemiBin,Self-supervised deep contrastive learning binner with pretrained models.
CONCOCT,Binning,https://github.com/BinPro/CONCOCT,Composition + coverage Gaussian mixture model binner.
DAS_Tool,Binning,https://github.com/cmks/DAS_Tool,Consensus refinement of multiple binner outputs by SCG-based scoring.
MetaDecoder,Binning,https://github.com/liu-congcong/MetaDecoder,Reference-free metagenomic binning using sequence composition and coverage.
GraphMB,Binning,https://github.com/MicrobialDarkMatter/GraphMB,Graph neural network-assisted metagenomic binning using assembly graph and coverage.
VAMB,Binning,https://github.com/RasmussenLab/vamb,Variational autoencoder-based binner using composition and co-abundance.
COMEBin,Binning,https://github.com/ziyewang/COMEBin,Contrastive multi-view representation learning for metagenomic binning.
MaxBin2,Binning,https://sourceforge.net/projects/maxbin2/,Expectation-maximisation binning using marker genes + tetranucleotide frequency.
SparseMCMM,Causal inference & mediation,https://github.com/chanw0/SparseMCMM,Sparse compositional mediation modelling for microbiome mediators.
microbiome_mediation (medTest),Causal inference & mediation,https://github.com/KiRinHong/miMediation,Compositional mediation testing via distance-based and SOBEL-style frameworks.
MicroBVS,Causal inference & mediation,https://github.com/mkoslovsky/MicroBVS,Bayesian variable selection for microbiome covariate models.
TwoSampleMR / MR-Base,Causal inference & mediation,https://github.com/MRCIEU/TwoSampleMR,Mendelian randomisation using GWAS summary stats; microbiome instruments via mbQTL.
dbCAN,CAZyme and carbohydrate metabolism,https://bcb.unl.edu/dbCAN2/,Automated CAZyme annotation using the CAZy ecosystem.
DirichletMultinomial,Community typing / mixture models,https://bioconductor.org/packages/DirichletMultinomial,Dirichlet-multinomial mixture modelling for microbial community types.
fido,Compositional modelling,https://jsilve24.github.io/fido/,Bayesian multinomial logistic-normal modelling for microbiome count/compositional data.
decontam,Contamination detection,https://github.com/benjjneb/decontam,Statistical identification of contaminant features using prevalence and/or frequency patterns.
Koverage,Coverage / abundance,https://github.com/beardymcjohnface/Koverage,Snakemake/Snaketool workflow for read-coverage analysis across massive metagenomic or genomic datasets.
HoloFoodR,Data access & public resources,https://bioconductor.org/packages/HoloFoodR,R/Bioconductor interface to HoloFood resource data.
MGnifyR,Data access & public resources,https://bioconductor.org/packages/MGnifyR,R/Bioconductor interface for accessing and processing MGnify data.
microbiomeDataSets,Data access & public resources,https://bioconductor.org/packages/microbiomeDataSets,Bioconductor ExperimentHub package providing microbiome datasets in analysis-ready formats.
SummarizedExperiment,Data containers & infrastructure,https://bioconductor.org/packages/SummarizedExperiment,Generic Bioconductor container for rectangular assay data with row and column metadata.
TreeSummarizedExperiment,Data containers & infrastructure,https://bioconductor.org/packages/TreeSummarizedExperiment,Bioconductor S4 container for assays with hierarchical row/column structure such as taxonomy trees and phylogenies.
ENA Browser / enaBrowserTools,Data retrieval / public metagenomes,https://github.com/enasequence/enaBrowserTools,Searches/downloads reads and metadata from ENA.
SRA Toolkit,Data retrieval / public metagenomes,https://github.com/ncbi/sra-tools,Downloads and converts sequencing data from NCBI SRA.
tidySummarizedExperiment,Data wrangling,https://bioconductor.org/packages/tidySummarizedExperiment,Tidyverse-style manipulation interface for SummarizedExperiment objects.
MEDI,Dietary reconstruction from metagenomes,https://github.com/Gibbons-Lab/medi,Metagenomic Estimation of Dietary Intake; estimates food-derived DNA and nutrient composition from stool shotgun metagenomes.
ANCOMBC,Differential abundance,https://bioconductor.org/packages/ANCOMBC,"Bias-corrected compositional differential abundance testing, including ANCOM-BC and ANCOM-BC2 implementations."
dar,Differential abundance,https://bioconductor.org/packages/dar,Bioconductor package for differential abundance testing in microbiome data.
metagenomeSeq,Differential abundance,https://bioconductor.org/packages/metagenomeSeq,Zero-inflated Gaussian/cumulative-sum scaling method for sparse microbiome count data.
MaAsLin3,Differential abundance,https://github.com/biobakery/maaslin3,Multivariate association with linear models joint presence + abundance modelling.
Songbird,Differential abundance,https://github.com/biocore/songbird,Multinomial regression for log-ratio differentials.
ANCOM-BC2,Differential abundance,https://github.com/FrederickHuangLin/ANCOMBC,Bias-corrected linear modelling for compositional microbiome data with covariates.
ALDEx2,Differential abundance,https://github.com/ggloor/ALDEx_bioc,CLR transform + Dirichlet Monte Carlo for compositional differential abundance.
ZicoSeq,Differential abundance,https://github.com/jchen1981/GUniFrac,Permutation-based DA with reference taxa and covariate adjustment.
corncob,Differential abundance,https://github.com/statdivlab/corncob,Beta-binomial regression modelling abundance and dispersion separately.
radEmu,Differential abundance,https://github.com/statdivlab/radEmu,Method for estimating fold changes from partially observed outcomes with applications in microbial metagenomics.
ZINQ,Differential abundance,https://github.com/wdl2459/ZINQ-L,Zero-inflated quantile rank-sum test for DA.
LinDA,Differential abundance,https://github.com/zhouhj1994/LinDA,Linear model on log-CLR with bias correction (intercept median).
fastANCOM,Differential abundance,https://github.com/ZRChao/fastANCOM,Speed-optimised reimplementation of ANCOM.
MaAsLin2,Differential abundance,https://huttenhower.sph.harvard.edu/maaslin/,Multivariable association testing for microbiome features and metadata.
lefser,Differential abundance,https://bioconductor.org/packages/lefser,R/Bioconductor implementation of LEfSe-style metagenomic biomarker discovery.
MicrobiomeStat,Differential abundance,https://cran.r-project.org/package=MicrobiomeStat,CRAN package containing microbiome statistical methods including LinDA workflows.
expam,Differential abundance,https://github.com/seansolari/expam,Distance estimation using trees
iNEXT,Diversity analyses,https://chao.shinyapps.io/iNEXTOnline/,Rarefaction/extrapolation of diversity with Hill numbers.
vegan,Diversity analyses,https://cran.r-project.org/package=vegan,"R package for classical community ecology: ordinations, permutation tests, diversity indices."
breakaway,Diversity analyses,https://github.com/adw96/breakaway,Estimates species richness from frequency count tables.
phyloseq,Diversity analyses,https://github.com/joey711/phyloseq,"R package for storing and analysing OTU/ASV tables with taxonomy, sample data, tree."
philr,Diversity analyses,https://github.com/jsilve24/philr,Phylogenetic isometric log-ratio transformation for microbiome compositional data.
scikit-bio,Diversity analyses,https://github.com/scikit-bio/scikit-bio,"Python toolkit for diversity metrics, phylogenetics, sequence ops."
QIIME2,Diversity analyses,https://qiime2.org/,"End-to-end microbiome ecology platform: diversity, taxonomy, stats, plugins."
MicrobiomeAnalyst,Diversity analyses,https://www.microbiomeanalyst.ca/,"Web platform for marker-gene + shotgun analyses with stats, visualisation, signatures."
ProtTrans,DNA/protein foundation models,https://github.com/agemagician/ProtTrans,Family of transformer protein LMs (BERT/T5/XLNet) trained on UniRef.
Evo 2,DNA/protein foundation models,https://github.com/ArcInstitute/evo2,40B-parameter genome-scale LM trained across the tree of life (1M token context).
Evo,DNA/protein foundation models,https://github.com/evo-design/evo,7B-parameter genomic language model trained on bacterial/phage DNA.
ESM-2,DNA/protein foundation models,https://github.com/facebookresearch/esm,Protein language model family (8M–15B params) trained on UniRef.
HyenaDNA,DNA/protein foundation models,https://github.com/HazyResearch/hyena-dna,Long-context DNA LM using Hyena operators (up to 1M tokens).
Nucleotide Transformer,DNA/protein foundation models,https://github.com/instadeepai/nucleotide-transformer,InstaDeep transformer family pretrained on human and 850 species genomes.
DNABERT-2,DNA/protein foundation models,https://github.com/MAGICS-LAB/DNABERT_2,BERT-based DNA model with BPE tokenisation and multi-species training.
GenSLM,DNA/protein foundation models,https://github.com/ramanathanlab/genslm,Genome-scale language model trained for pathogen surveillance (e.g. SARS-CoV-2 evolution).
EukDetect,Eukaryotic / fungal / parasite profiling,https://github.com/allind/EukDetect,Detects eukaryotic organisms in shotgun metagenomic datasets using marker genes.
EukRep,Eukaryotic contig identification,https://github.com/patrickwest/EukRep,Classifies assembled contigs as eukaryotic vs prokaryotic.
DIAMOND,Functional profiling read-based,https://github.com/bbuchfink/diamond,Ultra-fast translated sequence alignment against protein databases.
HUMAnN3,Functional profiling read-based,https://github.com/biobakery/humann,Tiered profiling of gene families (UniRef) and MetaCyc pathways from shotgun reads.
eggNOG-mapper,Functional profiling read-based,https://github.com/eggnogdb/eggnog-mapper,"Functional annotation via orthology to eggNOG; assigns KEGG, GO, COG, CAZy."
SUPER-FOCUS,Functional profiling read-based,https://github.com/metageni/SUPER-FOCUS,SEED subsystem-level functional profiling using DIAMOND/RAPSearch reduced DB.
MMseqs2,Functional profiling read-based,https://github.com/soedinglab/MMseqs2,"Fast protein/nucleotide search, clustering, and taxonomy workflows."
ShortBRED,Functional profiling read-based,https://huttenhower.sph.harvard.edu/shortbred/,"Builds and profiles short, specific protein family markers in metagenomes."
MinPath,Functional profiling read-based,https://omics.informatics.indiana.edu/MinPath/,Infers parsimonious biological pathways from gene-family annotations.
MEGAN6,Functional profiling read-based,https://software-ab.cs.uni-tuebingen.de/download/megan6/,Interactive LCA taxonomy + functional (SEED/KEGG/InterPro) analysis from BLAST/DIAMOND.
FUNGuild,Fungal functional ecology,https://github.com/UMNFuN/FUNGuild,Assigns ecological guilds to fungal taxa.
Pyrodigal,Gene prediction / MAG annotation,https://github.com/althonos/pyrodigal,Python bindings/reimplementation for Prodigal-style gene prediction.
METABOLIC,Gene prediction / MAG annotation,https://github.com/AnantharamanLab/METABOLIC,Profiles metabolic and biogeochemical functional traits from genomes/MAGs.
Prodigal / metaProdigal,Gene prediction / MAG annotation,https://github.com/hyattpd/Prodigal,Predicts protein-coding genes in microbial genomes and metagenomic contigs.
Bakta,Gene prediction / MAG annotation,https://github.com/oschwengers/bakta,Rapid microbial genome and MAG annotation suite.
Prokka,Gene prediction / MAG annotation,https://github.com/tseemann/prokka,Rapid prokaryotic genome annotation.
DRAM,Gene prediction / MAG annotation,https://github.com/WrightonLabCSU/DRAM,Distilled and Refined Annotation of Metabolism for microbial genomes/MAGs.
Prodigal-GV,Gene prediction / viral annotation,https://github.com/apcamargo/prodigal-gv,Fork of Prodigal/pyrodigal models for giant viruses and viruses using alternative genetic codes.
PHANOTATE,Gene prediction / viral annotation,https://github.com/deprekate/PHANOTATE,Phage-specific gene prediction tool designed for phage genomes.
pyrodigal-gv,Gene prediction / viral annotation,https://pypi.org/project/pyrodigal-gv/,Python extension/wrapper implementing Prodigal-GV models for viral and giant-virus gene prediction.
ProteinMPNN,Generative sequence/protein design,https://github.com/dauparas/ProteinMPNN,Message-passing neural network for sequence design from backbone.
ProGen2,Generative sequence/protein design,https://github.com/enijkamp/progen2,Scaled ProGen with larger model sizes and broader training.
ESM-IF,Generative sequence/protein design,https://github.com/facebookresearch/esm,Inverse folding predicts sequence given backbone structure (ESM Inverse Folding).
RFdiffusion,Generative sequence/protein design,https://github.com/RosettaCommons/RFdiffusion,Diffusion model for de novo protein backbone generation from RoseTTAFold.
ProGen,Generative sequence/protein design,https://github.com/salesforce/progen,Conditional protein language model that generates functional sequences.
MicrobeCensus,Genome Size,https://github.com/snayfach/MicrobeCensus,Estimates average genome size and can support genome-equivalent abundance calculations from shotgun metagenomes.
AGORA2,Genome-scale metabolic modelling,https://www.vmh.life/,"Curated GEM resource of ~7,300 human-gut bacterial strains with drug metabolism."
APOLLO,Genome-scale metabolic modelling,https://www.vmh.life/,"Curated GEM resource of ~7,300 human-gut bacterial strains with drug metabolism."
COMETS,Genome-scale metabolic modelling,https://github.com/segrelab/comets,Computational modelling of metabolic outputs over time. 
CarveMe,Genome-scale metabolic modelling,https://github.com/cdanielmachado/carveme,Top-down GEM reconstruction using a universal template + genome evidence.
SMETANA,Genome-scale metabolic modelling,https://github.com/cdanielmachado/smetana,Community metabolic interaction analysis via constraint-based modelling.
BacArena,Genome-scale metabolic modelling,https://github.com/euba/BacArena,Agent-based simulation of microbial communities on a spatial grid using GEMs.
metaGEM,Genome-scale metabolic modelling,https://github.com/franciscozorrilla/metaGEM,Snakemake workflow from reads → MAGs → community GEMs.
gapseq,Genome-scale metabolic modelling,https://github.com/jotech/gapseq,Automated reconstruction of GEMs from genome with metabolite-pathway inference and gap-filling.
COBRApy,Genome-scale metabolic modelling,https://github.com/opencobra/cobrapy,"Python library for constraint-based modelling (FBA, FVA, pFBA, etc.)."
ModelSEED,Genome-scale metabolic modelling,https://modelseed.org/,Reaction/genome database + reconstruction service (also via KBase).
KBase,Genome-scale metabolic modelling,https://www.kbase.us/,"DOE cloud platform for genome assembly, annotation, metabolic modelling."
treeclimbR,Hierarchical testing,https://github.com/fionarhuang/treeclimbR,"Finds data-dependent resolution levels for hierarchical hypotheses, useful with taxonomic trees."
hostile,Host read removal,https://github.com/bede/hostile,"Curated human/host index plus CLI for fast, reproducible host-read depletion with read scrubbing."
Bowtie2,Host read removal,https://github.com/BenLangmead/bowtie2,Short-read aligner commonly used to map and remove host (human) reads.
BWA-MEM2,Host read removal,https://github.com/bwa-mem2/bwa-mem2,Faster reimplementation of BWA-MEM for short-read alignment to host reference.
minimap2,Host read removal,https://github.com/lh3/minimap2,Versatile short/long-read aligner; popular for host removal with long-read or hybrid data.
PTRC,In situ growth rate / replication rate,https://genie.weizmann.ac.il/software/bacterial_growth.html,PTR Calculator original Korem/Segal method estimating replication rate from coverage.
iRep,In situ growth rate / replication rate,https://github.com/christophertbrown/iRep,Original index-of-replication tool PTR from genome-wide coverage of draft genomes.
GRiD,In situ growth rate / replication rate,https://github.com/ohlab/GRiD,Estimates peak-to-trough ratio (PTR) from short-read coverage vs reference genomes.
SMEG,In situ growth rate / replication rate,https://github.com/ohlab/SMEG,Species-level growth estimation from MAGs using SNV-based replication peak detection.
CoPTR,In situ growth rate / replication rate,https://github.com/tyjo/coptr,Coverage-based PTR estimation with statistical confidence intervals and reference DB.
DEMIC,In situ growth rate / replication rate,https://sourceforge.net/projects/demic/,PTR estimation without complete reference using contig coverage patterns.
iSEEtree,Interactive visualization,https://bioconductor.org/packages/iSEEtree,"Interactive explorer for hierarchical data, including tree-structured microbiome features."
miaDash,Interactive visualization,https://miadash-microbiome.2.rahtiapp.fi/,Interactive Shiny dashboard exposing much of mia functionality for microbiome exploration without requiring extensive R coding.
Simka,K-mer / reference-free comparison,https://github.com/GATB/simka,Reference-free comparative metagenomics using k-mer based ecological distances.
MASH screen / distance,K-mer / reference-free comparison,https://github.com/marbl/Mash,MinHash sketching for genome/metagenome distance and containment-like comparisons.
microSTASIS,Longitudinal/stability analysis,https://bioconductor.org/packages/microSTASIS,Bioconductor package for microbiota stability assessment across longitudinal samples using iterative clustering.
miaTime,Longitudinal/time-series analysis,https://microbiome.github.io/miaTime/,R package for manipulation and analysis of microbial community time-series data using TreeSummarizedExperiment.
IntegratedLearner,Machine learning,https://github.com/ocbe-uio/IntegratedLearner,R package for multi-omics classification and prediction workflows.
mikropml,Machine learning / prediction,https://github.com/SchlossLab/mikropml,R package for supervised machine learning pipelines on microbiome data.
SIAMCAT,Machine learning / prediction,https://siamcat.embl.de/,Statistical inference and machine learning framework for microbiome case-control datasets.
dRep,MAG dereplication / genome catalogues,https://github.com/MrOlm/drep,Dereplicates genomes/MAGs and compares genome quality/ANI.
FastANI,MAG dereplication / genome catalogues,https://github.com/ParBLiSS/FastANI,Fast whole-genome average nucleotide identity estimation.
CheckV,MAG quality assessment,https://bitbucket.org/berkeleylab/checkv,"Quality assessment for viral genomes (completeness, contamination, provirus boundaries)."
BUSCO,MAG quality assessment,https://busco.ezlab.org/,Completeness assessment via lineage-specific single-copy orthologs.
CheckM2,MAG quality assessment,https://github.com/chklovski/CheckM2,Machine-learning predictor of MAG completeness and contamination.
GUNC,MAG quality assessment,https://github.com/grp-bork/gunc,Chimerism detector flagging contigs from different lineages in a MAG.
MMUPHin,Meta-analysis / batch adjustment,https://github.com/biobakery/MMUPHin,Meta-analysis and batch correction framework for microbial community profiles.
MIMOSA2,Metabolite / metagenome inference,https://github.com/borenstein-lab/MIMOSA2,Links community metabolic potential to metabolomic variation using metabolic network information.
MelonnPan,Metabolite / metagenome inference,https://huttenhower.sph.harvard.edu/melonnpan/,Predicts metabolite profiles from microbial community features using elastic-net models.
MAG_Snakemake_wf,Metagenomics workflow / MAG recovery,https://github.com/Finn-Lab/MAG_Snakemake_wf,Snakemake workflow for recovery and quality assessment of prokaryotic MAGs from short-read host-associated metagenomic datasets.
SnakeWRAP,Metagenomics workflow / pipeline,https://github.com/jsede/SnakeWRAP,Snakemake workflow that automates multiple metaWRAP modules for high-throughput shotgun metagenome assembly and analysis.
OpusTaxa,Metagenomics workflow / pipeline,https://github.com/yenkaiC/OpusTaxa,"Open-source Snakemake workflow for short-read shotgun metagenomics combining QC, host removal, taxonomic profiling, assembly, functional analysis, SRA input, database setup, and harmonised cross-sample outputs."
Scoary,Microbial GWAS / pangenome association,https://github.com/AdmiralenOla/Scoary,Pan-genome wide association testing on gene presence/absence.
Anpan,Microbial GWAS / pangenome association,https://github.com/biobakery/anpan,Microbial gene-content association testing across strains within species.
treeWAS,Microbial GWAS / pangenome association,https://github.com/caitiecollins/treeWAS,Phylogeny-aware association testing controlling for clonal structure.
Panaroo,Microbial GWAS / pangenome association,https://github.com/gtonkinhill/panaroo,Quality-controlled pangenome inference with error correction.
PPanGGOLiN,Microbial GWAS / pangenome association,https://github.com/labgem/PPanGGOLiN,Partitioned pangenome graphs combining gene families and synteny.
Pyseer,Microbial GWAS / pangenome association,https://github.com/mgalardini/pyseer,"Microbial GWAS framework supporting SNPs, k-mers, and gene presence/absence."
Roary,Microbial GWAS / pangenome association,https://github.com/sanger-pathogens/Roary,Fast core/accessory pangenome construction.
PIRATE,Microbial GWAS / pangenome association,https://github.com/SionBayliss/PIRATE,Pangenome construction across multiple identity thresholds.
Microbial Load Predictor (MLP),Microbial load,https://github.com/grp-bork/microbial_load_predictor,Predicts fecal microbial load/cell density from relative-abundance taxonomic profiles.
DspikeIn,Microbial load,https://bioconductor.org/packages/release/bioc/html/DspikeIn.html,Estimating Absolute Abundance from Microbial Spike-in Controls.
Galkin gut microbiome aging clock,Microbiome biological-age / clock models,https://github.com/InSilicoMedicine/microbiome_clock,Deep neural network predicting host chronological age from gut 16S/shotgun profiles.
PlasmidFinder,Mobilome / plasmids / MGEs,https://bitbucket.org/genomicepidemiology/plasmidfinder,Replicon-based identification of plasmid incompatibility groups.
ICEberg,Mobilome / plasmids / MGEs,https://db-mml.sjtu.edu.cn/ICEberg/,Database of integrative and conjugative elements (ICEs).
PlasX,Mobilome / plasmids / MGEs,https://github.com/michaelkyu/PlasX,Plasmid sequence classifier via gene-family features and logistic regression.
MOB-suite,Mobilome / plasmids / MGEs,https://github.com/phac-nml/mob-suite,"Plasmid reconstruction, typing, and mobility prediction from short reads."
MOB-recon / MOB-typer,Mobilome / plasmids / MGEs,https://github.com/phac-nml/mob-suite,Reconstructs and types plasmids from assemblies within MOB-suite.
PlasClass,Mobilome / plasmids / MGEs,https://github.com/Shamir-Lab/PlasClass,Classifies plasmid-derived sequences using machine learning.
DIABLO (mixOmics),Multi-omics integration,http://mixomics.org/mixdiablo/,Sparse multi-block PLS-DA for supervised multi-omics integration.
MultiAssayExperiment,Multi-omics integration,https://bioconductor.org/packages/MultiAssayExperiment/,Bioconductor data structure for coordinated multi-omics objects.
MMvec,Multi-omics integration,https://github.com/biocore/mmvec,Neural network estimating microbe–metabolite co-occurrence probabilities.
MOFA2,Multi-omics integration,https://github.com/bioFAM/MOFA2,Multi-Omics Factor Analysis (Bayesian group factor model).
CCREPE,Network / co-occurrence inference,https://bioconductor.org/packages/ccrepe/,Compositional re-sampling for empirical p-values on similarity measures.
SparCC,Network / co-occurrence inference,https://github.com/JCSzamosi/SparCC3,Sparse Correlations for Compositional data via log-ratio approximation.
FlashWeave,Network / co-occurrence inference,https://github.com/meringlab/FlashWeave.jl,Julia implementation of fast conditional dependency inference for microbiome data.
NetCoMi,Network / co-occurrence inference,https://github.com/stefpeschel/NetCoMi,R framework for network construction and comparison across groups.
mLDM,Network / co-occurrence inference,https://github.com/tinglab/mLDM,Metagenomic Latent Dirichlet Multinomial model for taxa interactions and environmental factors.
SPIEC-EASI,Network / co-occurrence inference,https://github.com/zdk123/SpiecEasi,Sparse inverse covariance estimation for compositional microbiome networks.
SPRING,Network inference,https://github.com/GraceYoon/SPRING,Semi-parametric rank-based approach for inferring microbial association networks.
SpiecEasi,Network inference,https://github.com/zdk123/SpiecEasi,Sparse inverse covariance estimation for ecological association networks from compositional microbiome data.
VIBRANT,Phage / virus discovery,https://github.com/AnantharamanLab/VIBRANT,Identification + annotation of viral genomes with HMM + neural network.
geNomad,Phage / virus discovery,https://github.com/apcamargo/genomad,Hybrid (sequence + alignment) classifier for plasmids and viruses.
DeepVirFinder,Phage / virus discovery,https://github.com/jessieren/DeepVirFinder,CNN-based viral sequence detection from contigs.
VirFinder,Phage / virus discovery,https://github.com/jessieren/virfinder,k-mer based prediction of viral contigs from metagenomic assemblies.
VirSorter2,Phage / virus discovery,https://github.com/jiarong/VirSorter2,Multi-classifier viral sequence identification from metagenomic contigs.
MARVEL,Phage / virus discovery,https://github.com/LaboratorioBioinformatica/MARVEL,Phage MAG identification via gene-based features and random forest.
Cenote-Taker2,Phage / virus discovery,https://github.com/mtisza1/Cenote-Taker2,Automated virus discovery and annotation from contigs.
DRAM-v,Phage / virus discovery,https://github.com/WrightonLabCSU/DRAM,"Metabolism-aware annotation of viral contigs, including auxiliary metabolic genes."
CRISPRCasTyper,Phage host prediction,https://github.com/Russel88/CRISPRCasTyper,Detects and types CRISPR-Cas systems.
SpacePHARER,Phage host prediction,https://github.com/soedinglab/spacepharer,CRISPR spacer phage matching tool with sensitivity for fragmented hits.
RaFAH,Phage host prediction,https://sourceforge.net/projects/rafah/,Random forest host prediction from viral proteomes.
iPHoP,Phage host prediction,https://bitbucket.org/srouxjgi/iphop,"Integrated host prediction combining alignment, CRISPR, and ML signals."
CRISPRopenDB,Phage host prediction,https://github.com/edzuf/CrisprOpenDB,Curated CRISPR spacer database with web search for phage host links.
vHULK,Phage host prediction,https://github.com/LaboratorioBioinformatica/vHULK,Deep-learning host prediction from phage protein content.
PHIST,Phage host prediction,https://github.com/refresh-bio/PHIST,Fast exact k-mer matching between phage and host genomes.
Sphae,Phage therapy / viral workflow,https://github.com/linsalrob/sphae,"Automated Snakemake/Snaketool workflow to assemble, annotate, and evaluate phage candidates for therapeutic suitability."
TreeTime,Phylogenetics / evolution,https://github.com/neherlab/treetime,Maximum-likelihood phylodynamic and time-scaled phylogeny inference.
Gubbins,Phylogenetics / evolution,https://github.com/nickjcroucher/gubbins,Detects recombination in bacterial whole-genome alignments.
PhiSpy,Prophage detection,https://github.com/linsalrob/PhiSpy,Predicts prophage regions in bacterial/archaeal genomes using similarity- and composition-based features.
MicrobiotaProcess,R microbiome analysis framework,https://bioconductor.org/packages/MicrobiotaProcess,Tidy-style framework for deep mining and visualisation of microbiome and ecological data.
microeco,R microbiome analysis framework,https://cran.r-project.org/package=microeco,R framework for data mining and ecological analysis of microbiome communities.
bugsigdbr,R Package / Taxon set signature enrichment,https://bioconductor.org/packages/bugsigdbr/,R/Bioconductor client to query and analyse BugSigDB signatures.
TaxSEA,R Package / Taxon set signature enrichment,https://bioconductor.org/packages/TaxSEA,Taxon set enrichment analysis for ranked microbiome differential abundance or correlation results.
mia,R/Bioconductor downstream analysis,https://microbiome.github.io/mia/,"Core miaverse package for microbiome data wrangling, transformations, diversity, ordination and downstream analysis using TreeSummarizedExperiment."
miaViz,R/Bioconductor visualization,https://microbiome.github.io/miaViz/,"Visualization package for microbiome data, especially TreeSummarizedExperiment-based objects."
SeqKit,Read QC & preprocessing,https://bioinf.shenwei.me/seqkit/,Fast command-line toolkit for FASTA/Q manipulation and summary statistics.
Cutadapt,Read QC & preprocessing,https://cutadapt.readthedocs.io/,Adapter trimming and demultiplexing for high-throughput sequencing reads.
KneadData,Read QC & preprocessing,https://github.com/biobakery/kneaddata,bioBakery wrapper combining Trimmomatic QC with Bowtie2 host-read depletion.
MultiQC,Read QC & preprocessing,https://github.com/MultiQC/MultiQC,"Aggregates QC outputs (FastQC, fastp, Bowtie2, Kraken2, etc.) into a single HTML report."
fastp,Read QC & preprocessing,https://github.com/OpenGene/fastp,"All-in-one FASTQ QC, adapter trimming, polyG/polyX clipping, dedup, length/quality filtering."
FastQC,Read QC & preprocessing,https://github.com/s-andrews/FastQC,"Per-sample QC report on base quality, GC, adapter content, duplication."
Trimmomatic,Read QC & preprocessing,https://github.com/usadellab/Trimmomatic,Adapter and quality trimming for Illumina reads with sliding-window and ILLUMINACLIP modes.
BBDuk (BBTools),Read QC & preprocessing,https://sourceforge.net/projects/bbmap/,"K-mer based adapter trimming, contaminant filtering, quality trimming, kmer matching."
FastQ Screen,Read QC & preprocessing,https://www.bioinformatics.babraham.ac.uk/projects/fastq_screen/,Screens reads against multiple reference genomes to detect contamination or sample composition issues.
ResFinder (DB),Reference DBs AMR,https://bitbucket.org/genomicepidemiology/resfinder_db,DTU AMR reference DB (also see tool entry); acquired-resistance focus.
CARD,Reference DBs AMR,https://card.mcmaster.ca/,Comprehensive Antibiotic Resistance Database with curated ARO ontology.
ARG-ANNOT,Reference DBs AMR,https://www.mediterranee-infection.com/acces-ressources/base-de-donnees/arg-annot-2/,Antibiotic Resistance Gene-ANNOTation database (Bordeaux).
MIBiG,Reference DBs BGCs,https://mibig.secondarymetabolites.org/,Minimum Information about a Biosynthetic Gene cluster curated BGC reference.
GMrepo v2,Reference DBs curated cohorts,https://gmrepo.humangut.info/,Curated database of human gut metagenomes and phenotypes.
curatedMetagenomicData,Reference DBs curated cohorts,https://waldronlab.io/curatedMetagenomicData/,"Curated, uniformly processed human metagenome datasets for R/Bioconductor."
microbiome-metabolome-curated-data,Reference DBs curated cohorts,https://github.com/borenstein-lab/microbiome-metabolome-curated-data,Paired datasets of metagenomes and metabolomes
cFMD,Reference DBs food microbiome MAG catalogues,https://github.com/SegataLab/cFMD,"Curated Food Metagenomic Data resource with food shotgun metagenomes, MAGs and HUMAnN outputs."
LakePulse MAG Catalogue,Reference DBs freshwater MAG catalogues,https://datadryad.org/,Canadian freshwater and oligosaline lake MAG catalogue.
eggNOG,Reference DBs function,http://eggnog5.embl.de/,Orthologous group database with functional annotations across taxa.
CAZy,Reference DBs function,http://www.cazy.org/,"Carbohydrate-Active enZYmes database (GHs, GTs, PLs, CEs, AAs)."
MetaCyc,Reference DBs function,https://metacyc.org/,Manually curated metabolic pathway database.
Pfam,Reference DBs function,https://www.ebi.ac.uk/interpro/,Protein family HMMs of conserved domains.
InterPro,Reference DBs function,https://www.ebi.ac.uk/interpro/,"Integrated protein signatures across Pfam, SMART, PROSITE, PANTHER, etc."
KEGG,Reference DBs function,https://www.kegg.jp/,"Curated pathway, ortholog (KO), and reaction database."
HRGM2,Reference DBs human gut MAG catalogues,https://www.hrgm.org/,Human Reference Gut Microbiome non-redundant genome catalogue.
HROM,Reference DBs human oral MAG catalogues,https://www.hrom.org/,Human oral MAG catalogue.
gcMeta,Reference DBs MAG catalogues,https://gcmeta.wdcm.org/,Multi-biome catalogue/database portal with public catalogue APIs and archive bundles.
GEM catalog,Reference DBs MAG catalogues,https://portal.nersc.gov/GEM/,Global Earth Microbiome catalogue of bacterial and archaeal MAGs across environments.
OMDB,Reference DBs marine MAG catalogues,https://omdb.genzentrum.lmu.de/,"Ocean Microbiome Database with reconstructed genomes, genes and scaffold catalogues."
MiMeDB,Reference DBs metabolite interactions,https://mimedb.org/,Microbe-metabolite interaction database.
BacDive,Reference DBs microbial traits,https://bacdive.dsmz.de/,Bacterial diversity metadatabase with phenotypic and physiological traits.
MRGM,Reference DBs mouse gut MAG catalogues,https://www.mrgm.org/,Mouse gut MAG catalogue and companion profiling databases.
IMG/VR,Reference DBs phages/viruses,https://img.jgi.doe.gov/vr/,JGI's integrated viral genome database from cultivated and uncultivated sources.
MGV,Reference DBs phages/viruses,https://portal.nersc.gov/MGV/,Metagenomic Gut Virus catalog of >180k high-quality gut viral genomes.
RVDB,Reference DBs phages/viruses,https://rvdb.dbi.udel.edu/,Reference Viral DataBase curated viral protein/nucleotide reference.
RUG2,Reference DBs rumen MAG catalogues,https://datashare.ed.ac.uk/,Cattle rumen MAG catalogue and companion annotations.
mBodyMap,Reference DBs signatures,https://mbodymap.microbiome.cloud/,Body-site resolved human microbiome abundance and prevalence reference.
SMAG,Reference DBs soil MAG catalogues,https://microbma.github.io/project/SMAG.html,Global Soil MAG catalogue from thousands of soil metagenomes.
MetaPhlAn4 + SGB database,Reference DBs taxa,https://github.com/biobakery/MetaPhlAn,Species-level genome bin marker database underlying MetaPhlAn4.
GTDB,Reference DBs taxa,https://gtdb.ecogenomic.org/,Genome Taxonomy Database standardised prokaryotic taxonomy from genome phylogeny.
MGnify,Reference DBs taxa,https://www.ebi.ac.uk/metagenomics/,"EMBL-EBI resource for metagenomic datasets, assemblies, genomes and analysis outputs."
UHGG,Reference DBs taxa,https://www.ebi.ac.uk/metagenomics/genome-catalogues/human-gut-v2-0,Unified Human Gastrointestinal Genome catalog (>200k genomes from human gut).
NCBI RefSeq,Reference DBs taxa,https://www.ncbi.nlm.nih.gov/refseq/,Curated reference genomes and taxonomy maintained by NCBI.
Meta-virus Resource (MetaVR),Reference DBs viral genome catalogues,https://metavirus-resource.org/,"Multi-biome database of uncultivated viral genomes, vOTUs and protein clusters."
VFDB,Reference DBs virulence,http://www.mgc.ac.cn/VFs/,Virulence Factor Database curated virulence factor gene catalog.
Mosdepth,Sequencing depth / metagenomic coverage,https://github.com/brentp/mosdepth,Fast depth/coverage calculation from BAM/CRAM files.
CoverM,Sequencing depth / metagenomic coverage,https://github.com/wwood/CoverM,"Calculates read coverage of contigs, genomes and MAGs from metagenomic mapping."
Nonpareil,Sequencing depth / metagenomic coverage,https://nonpareil.readthedocs.io/,Estimates metagenomic coverage and projects sequencing effort using read redundancy.
miaSim,Simulation & benchmarking,https://microbiome.github.io/miaSim/,"Simulates longitudinal and time-series microbial community dynamics using ecological models such as gLV, Ricker, Hubbell neutral and consumer-resource models."
SourceTracker2,Source tracking,https://github.com/biota/sourcetracker2,Bayesian microbial source tracking method.
FEAST,Source tracking,https://github.com/cozygene/FEAST,Fast expectation-maximisation source tracking for microbial communities.
StrainPhlAn4,Strain-level analysis,https://github.com/biobakery/MetaPhlAn,SNV-based strain phylogenies built from MetaPhlAn4 species marker reads.
StrainGE,Strain-level analysis,https://github.com/broadinstitute/StrainGE,Reference-based strain detection and abundance at low coverage.
StrainFinder,Strain-level analysis,https://github.com/cssmillie/StrainFinder,EM-based mixture model of strain frequencies at marker SNV sites.
MIDAS2,Strain-level analysis,https://github.com/czbiohub-sf/MIDAS2,Strain-level SNP and CNV profiling against UHGG species pangenomes.
SameStr,Strain-level analysis,https://github.com/danielpodlesny/SameStr,Shared strain detection via SNV co-occurrence across samples.
inStrain,Strain-level analysis,https://github.com/MrOlm/inStrain,"Population genetics on MAGs: ANI, SNVs, popANI, conANI, gene content."
PStrain,Strain-level analysis,https://github.com/wshuai294/PStrain,Iterative reconstruction of strain composition from SNV profiles.
TRACS,Strain-level analysis,https://github.com/gtonkinhill/tracs/,Strain level tracking across samples
ESM Metagenomic Atlas,Structural metagenomics / protein structure at scale,https://esmatlas.com/,Database of >600M predicted structures from metagenomic ORFs (ESMFold).
ESMFold,Structural metagenomics / protein structure at scale,https://github.com/facebookresearch/esm,Single-sequence protein structure prediction from ESM-2 protein LM.
BugSigDB,Taxon set / signature enrichment,https://bugsigdb.org/,Manually curated database of published microbial signatures across conditions.
EnrichM,Taxon set / signature enrichment,https://github.com/geronimp/enrichM,Function enrichment in MAGs KEGG/Pfam/CAZy/COG enrichment vs background.
MicrobiomeAnalyst TSEA,Taxon set / signature enrichment,https://www.microbiomeanalyst.ca/,Taxon Set Enrichment Analysis module testing user lists against curated signatures.
PhyloPhlAn,Taxonomic placement / MAG taxonomy,https://github.com/biobakery/phylophlan,Phylogenetic placement on universal marker tree (>400 markers); strain-level support.
skani,Taxonomic placement / MAG taxonomy,https://github.com/bluenote-1577/skani,Fast accurate ANI estimation for MAGs and large genome collections.
GTDB-Tk,Taxonomic placement / MAG taxonomy,https://github.com/Ecogenomics/GTDBTk,Classifies prokaryotic MAGs against the GTDB taxonomy using marker placements + ANI.
Mash,Taxonomic placement / MAG taxonomy,https://github.com/marbl/Mash,Original MinHash sketch tool for genome distance and screening.
CAT/BAT,Taxonomic placement / MAG taxonomy,https://github.com/MGXlab/CAT_pack,Contig Annotation Tool and Bin Annotation Tool for taxonomic classification of contigs and MAGs.
sourmash,Taxonomic placement / MAG taxonomy,https://github.com/sourmash-bio/sourmash,"MinHash/FracMinHash sketches for fast ANI, classification, and search."
CLARK,Taxonomic profiling read-based,http://clark.cs.ucr.edu/,K-mer based taxonomic classification of metagenomic reads.
MetaPhlAn4,Taxonomic profiling read-based,https://github.com/biobakery/MetaPhlAn,Marker-gene based species- and SGB-level profiler using clade-specific markers.
Kaiju,Taxonomic profiling read-based,https://github.com/bioinformatics-centre/kaiju,Protein-level read classification via translated BWT search; better for divergent taxa.
sylph,Taxonomic profiling read-based,https://github.com/bluenote-1577/sylph,ANI-based metagenomic profiler using k-mer containment and zero-inflated statistics.
Centrifuge,Taxonomic profiling read-based,https://github.com/DaehwanKimLab/centrifuge,BWT/FM-index based classifier compressing many references for taxonomic assignment.
Kraken2,Taxonomic profiling read-based,https://github.com/DerrickWood/kraken2,K-mer based exact-match LCA taxonomic classifier of reads against a hash database.
KrakenUniq,Taxonomic profiling read-based,https://github.com/fbreitwieser/krakenuniq,Kraken with HyperLogLog unique-k-mer counts per taxon to flag false positives.
Bracken,Taxonomic profiling read-based,https://github.com/jenniferlu717/Bracken,Bayesian re-estimation of species/genus abundance from Kraken2 read assignments.
Recentrifuge,Taxonomic profiling read-based,https://github.com/khyox/recentrifuge,Interactive and statistical comparative analysis of Centrifuge/Kraken-style taxonomic classification outputs.
mOTUs3,Taxonomic profiling read-based,https://github.com/motu-tool/mOTUs,Universal single-copy marker-gene-based operational taxonomic unit profiler with metagenomic OTUs.
KMCP,Taxonomic profiling read-based,https://github.com/shenwei356/kmcp,Accurate metagenomic profiler with COBS-style k-mer index and confidence scoring.
SingleM,Taxonomic profiling read-based,https://wwood.github.io/singlem/,"Marker-gene based profiling of shotgun short- and long-read metagenomes, with strength for novel lineages."
BEEM,Temporal / dynamic modelling,https://github.com/csb5/BEEM,Estimate gLV parameters from cross-sectional or short time-series data.
MDSINE2,Temporal / dynamic modelling,https://github.com/gerberlab/MDSINE2,Bayesian generalised Lotka–Volterra inference with regularisation and perturbations.
gLV fitting (generic),Temporal / dynamic modelling,https://github.com/gerberlab/MDSINE2,Custom generalised Lotka–Volterra parameter fitting via ODE optimisation.
TIME,Temporal / dynamic modelling,https://web.rniapps.net/time/,Web tool for time-resolved microbiome data exploration and trend testing.
VirSorter (legacy),Viral / Virome,https://bitbucket.org/MAVERICLab/virsorter,"Original viral sequence detection tool based on viral hallmark genes, depletion of cellular genes, and related signals."
ViralVerify,Viral / Virome,https://github.com/ablab/viralVerify,"Classifies metagenomic contigs as viral, bacterial, or uncertain using gene prediction, HMMs and a Naive Bayes classifier; also part of metaSPAdes viral workflows."
PhaMers,Viral / Virome,https://github.com/jondeaton/PhaMers,Supervised k-mer based classifier for identifying bacteriophage sequences from metagenomic contigs.
PhaBOX,Viral / Virome,https://github.com/KennthShang/PhaBOX,"Web server/workflow for phage contig identification, lifestyle prediction, taxonomic classification, and host prediction."
Phage Galaxy,Viral / Virome,https://phage.usegalaxy.eu/,"Galaxy-based platform containing workflows and tools for phage assembly, annotation, comparative genomics, and related analyses."
Empathi,Viral / Virome,https://github.com/Alexandre-Boulay/Empathi,Embedding-based hierarchical phage protein annotation tool.
Pharokka,Viral / Virome,https://github.com/gbouras13/pharokka,"Rapid, standardised annotation of bacteriophage genomes and metagenomes."
Phold,Viral / Virome,https://github.com/gbouras13/phold,Protein structure-informed bacteriophage genome annotation using ProstT5 and Foldseek against curated phage protein structures.
PhaGO,Viral / Virome,https://github.com/JiaojiaoGuan/PhaGO,Phage protein function annotation integrating protein embeddings with genomic context.
PhaVIP,Viral / Virome,https://github.com/KennthShang/PhaVIP,Phage virion protein classification using chaos game representation and vision transformer models.
Phynteny,Viral / Virome,https://github.com/susiegriggo/Phynteny,Synteny-aware phage protein function prediction using conserved gene order across phages.
multiPhATE2,Viral / Virome,https://github.com/carolzhou/multiPhATE2,Automated functional annotation and comparison pipeline for phage genomes.
Phables,Viral / Virome,https://github.com/Vini2/phables,Resolves complete phage genomes from fragmented viral metagenome assembly graphs using graph decomposition.
VirHostMatcher-Net,Viral / Virome,https://github.com/WeiliWw/VirHostMatcher-Net,Network/deep-learning style host prediction for viruses/phages based on sequence features and host-virus links.
ViralQC,Viral / Virome,https://github.com/KennthShang/ViralQC,Newer tool for assessing completeness and contamination of predicted viral contigs/bins using foundation-model-style sequence information and protein organization.
PhaGCN,Viral / Virome,https://github.com/KennthShang/PhaGCN,Graph convolutional network classifier for taxonomic classification of phage contigs.
VITAP,Viral / Virome,https://github.com/KennthShang/VITAP,Viral Taxonomic Assignment Pipeline for DNA and RNA virus classification.
vConTACT2,Viral / Virome,https://github.com/Hocnonsense/vcontact2,Gene-sharing network approach for viral taxonomy and clustering of viral genomes/contigs.
PRFect,Viral / Virome,https://github.com/deprekate/prfect,Machine-learning method to predict programmed ribosomal frameshifts in coding genes.
Microviz,Visualisation,https://david-barnett.github.io/microViz/,"R package for ordination, taxonomic bar charts, heatmaps on phyloseq objects."
GraPhlAn,Visualisation,https://github.com/biobakery/graphlan,Compact circular phylogenetic and taxonomic visualisation.
q2-qurro / Qurro,Visualisation,https://github.com/biocore/qurro,Interactive rank-plot visualisation for log-ratio analyses.
Pavian,Visualisation,https://github.com/fbreitwieser/pavian,Shiny app for interactive exploration of Kraken/KrakenUniq/Bracken reports.
Krona,Visualisation,https://github.com/marbl/Krona,Interactive hierarchical (multi-level pie) visualisation of taxonomic abundance.
iTOL,Visualisation,https://itol.embl.de/,Interactive Tree Of Life web-based phylogenetic tree annotation.
ANVI'O,Workflow / pipeline frameworks,https://anvio.org/,"Interactive platform for microbial pan-genomics, metagenomics, MAG curation and visualisation."
MetaWRAP,Workflow / pipeline frameworks,https://github.com/bxlab/metaWRAP,Modular MAG-recovery pipeline wrapping multiple binners and refiners.
ATLAS,Workflow / pipeline frameworks,https://github.com/metagenome-atlas/atlas,"Snakemake metagenomics pipeline producing MAGs with binning, refinement, annotation."
Aviary,Workflow / pipeline frameworks,https://github.com/rhysnewell/aviary,"Workflow for metagenome assembly, binning, quality control and genome recovery."
Sunbeam,Workflow / pipeline frameworks,https://github.com/sunbeam-labs/sunbeam,"Snakemake metagenomics pipeline (QC, host removal, classification, assembly)."
bioBakery3/4,Workflow / pipeline frameworks,https://huttenhower.sph.harvard.edu/biobakery_workflows/,"Huttenhower lab suite: KneadData, MetaPhlAn, HUMAnN, StrainPhlAn, MaAsLin."
nf-core/mag,Workflow / pipeline frameworks,https://nf-co.re/mag,"Nextflow pipeline for shotgun metagenomics: QC, assembly, binning, taxonomy, AMR."
nf-core/taxprofiler,Workflow / pipeline frameworks,https://nf-co.re/taxprofiler,Nextflow pipeline for taxonomic profiling of shotgun/metabarcoding data with multiple classifiers.
Snakemake,Workflow / pipeline frameworks,https://snakemake.readthedocs.io/,General reproducible workflow-management system widely used in bioinformatics.
Nextflow,Workflow / pipeline frameworks,https://www.nextflow.io/,Workflow-management system underlying nf-core and many cloud/HPC metagenomic workflows.MetagenBERT,Transformer-based metagenome representation,https://github.com/CorvusVaine/MetagenBERT,Transformer framework producing end-to-end metagenome embeddings directly from raw DNA reads (DNABERT-2/DNABERT-MS) without taxonomic annotation; aggregates read embeddings via FAISS K-Means clustering for disease classification.
